"","mz","intensity"
"1",100.001156610221,0
"2",100.002667938004,0
"3",100.004179300049,0
"4",100.005690696356,0
"5",100.04802370776,0
"6",100.049536098132,0
"7",100.051048522798,0
"8",100.052560981759,0
"9",100.054073475015,4241.4462890625
"10",100.055586002568,7617.3544921875
"11",100.057098564418,8959.861328125
"12",100.058611160568,7830.2119140625
"13",100.060123791017,4819.9130859375
"14",100.061636395666,0
"15",100.063149094719,0
"16",100.064661828074,0
"17",100.066174595733,0
"18",100.364860200279,0
"19",100.366379780619,0
"20",100.367899395471,0
"21",100.369419044835,0
"22",100.370938728713,4976.2392578125
"23",100.372458447104,9089.10546875
"24",100.373978200011,11022.908203125
"25",100.375497987435,10822.1005859375
"26",100.377017809376,8852.6015625
"27",100.378537665835,5439.3125
"28",100.380057402799,0
"29",100.381577328298,0
"30",100.383097288319,0
"31",100.384617282863,0
"32",101.061385350937,0
"33",101.062920777423,0
"34",101.064456238902,0
"35",101.065991735374,0
"36",101.06752726684,959.239013671875
"37",101.0690628333,6843.4189453125
"38",101.070598434757,16066.3193359375
"39",101.072134071211,19975.361328125
"40",101.073669742664,14870.0966796875
"41",101.075205449116,5057.6982421875
"42",101.076741004039,0
"43",101.078276780493,0
"44",101.079812591949,0
"45",101.081348438408,0
"46",102.045027969432,0
"47",102.046585867198,0
"48",102.04814380064,0
"49",102.04970176976,0
"50",102.051259774558,0
"51",102.052817815036,10294.9443359375
"52",102.054375891194,22564.21875
"53",102.055934003035,28724.9453125
"54",102.057492150558,24403.837890625
"55",102.059050333765,13251.5107421875
"56",102.060608552657,2729.55053710938
"57",102.062165235321,0
"58",102.063723525587,0
"59",102.065281851541,0
"60",102.066840213185,0
"61",110.059491968251,0
"62",110.061236956977,0
"63",110.062981987204,0
"64",110.064727058933,0
"65",110.066472172165,2841.61303710938
"66",110.068217326901,47119.671875
"67",110.069962523143,120375.5234375
"68",110.071707760892,174407.40625
"69",110.073453040149,164740.421875
"70",110.075198360916,99927.890625
"71",110.076943723194,31424.00390625
"72",110.078689126984,0
"73",110.080433952558,0
"74",110.082179439376,0
"75",110.083924967711,0
"76",110.085670537563,0
"77",113.321816651307,0
"78",113.323639798515,0
"79",113.32546298972,0
"80",113.327286224925,0
"81",113.329109504129,4386.1123046875
"82",113.330932827334,7018.376953125
"83",113.332756194542,9006.6796875
"84",113.334579605755,8864.5654296875
"85",113.336403060973,6013.048828125
"86",113.338225212989,0
"87",113.340048756223,0
"88",113.341872343466,0
"89",113.343695974721,0
"90",120.068164042071,0
"91",120.070152394669,0
"92",120.072140796659,0
"93",120.074129248043,0
"94",120.076117748822,1850.66040039062
"95",120.078106298997,22670.322265625
"96",120.08009489857,49823.0390625
"97",120.082083547543,62173.5625
"98",120.084072245918,49338.95703125
"99",120.086060993695,22738.734375
"100",120.088049790878,2497.44409179688
"101",120.090037447655,0
"102",120.092026343652,0
"103",120.094015289059,0
"104",120.096004283876,0
"105",126.113039777083,0
"106",126.115180161199,0
"107",126.117320599805,0
"108",126.119461092902,0
"109",126.121601640494,4088.07885742188
"110",126.123742242582,38041.76953125
"111",126.125882899166,95478.2734375
"112",126.128023610251,140019.28125
"113",126.130164375837,134503.5625
"114",126.132305195926,83071.6328125
"115",126.134446070519,27041.990234375
"116",126.13658699962,475.760498046875
"117",126.138727791699,0
"118",126.140868829819,0
"119",126.143009922451,0
"120",126.145151069598,0
"121",127.11639347046,0
"122",127.118559448724,0
"123",127.120725482348,0
"124",127.122891571335,0
"125",127.125057715686,2932.45288085938
"126",127.127223915404,39839.546875
"127",127.12939017049,104059.890625
"128",127.131556480946,152733.96875
"129",127.133722846774,145044.046875
"130",127.135889267976,87789.296875
"131",127.138055744554,27218.490234375
"132",127.140222276509,0
"133",127.142388672325,0
"134",127.144555315041,0
"135",127.146722013141,0
"136",127.148888766626,0
"137",128.118618263791,0
"138",128.120809908447,0
"139",128.123001609341,0
"140",128.125193366473,0
"141",128.127385179846,0
"142",128.129577049462,22125.583984375
"143",128.131768975323,87605.96875
"144",128.133960957431,157986.109375
"145",128.136152995787,179579
"146",128.138345090394,134095.890625
"147",128.140537241253,59883.31640625
"148",128.142729448367,8603.05078125
"149",128.144921711737,850.674072265625
"150",128.147113853641,0
"151",128.14930622953,0
"152",128.151498661681,0
"153",128.153691150095,0
"154",129.052942918818,0
"155",129.055158581589,0
"156",129.05737430142,0
"157",129.059590078314,0
"158",129.061805912271,434.699951171875
"159",129.064021803295,9285.9189453125
"160",129.066237751387,15606.7431640625
"161",129.06845375655,14048.3291015625
"162",129.070669818784,6577.5068359375
"163",129.072885924304,0
"164",129.075102100689,0
"165",129.077318334151,0
"166",129.079534624693,0
"167",129.121654992789,0
"168",129.123872425342,0
"169",129.126089915015,0
"170",129.128307461812,0
"171",129.130525065734,906.909912109375
"172",129.132742726782,29216.80078125
"173",129.13496044496,99610.84375
"174",129.137178220269,180210.96875
"175",129.13939605271,209989.46875
"176",129.141613942286,163107.6875
"177",129.143831889,78729.2109375
"178",129.146049892851,16163.0166015625
"179",129.148267953844,0
"180",129.150485839138,0
"181",129.152704014418,0
"182",129.154922246845,0
"183",129.15714053642,0
"184",130.125299809828,0
"185",130.127543146363,0
"186",130.12978654091,0
"187",130.132029993471,0
"188",130.134273504049,0
"189",130.136517072646,30408.6953125
"190",130.138760699263,98187.7421875
"191",130.141004383903,162832.796875
"192",130.143248126567,172789.796875
"193",130.145491927258,119673.2890625
"194",130.147735785977,47894.7421875
"195",130.149979702727,4115.9013671875
"196",130.15222348691,0
"197",130.154467519727,0
"198",130.156711610581,0
"199",130.158955759473,0
"200",131.122537057673,0
"201",131.124806231947,0
"202",131.127075465125,0
"203",131.129344757211,0
"204",131.131614108206,2192.55932617188
"205",131.133883518112,41806.63671875
"206",131.136152986932,111474.9453125
"207",131.138422514667,167234.953125
"208",131.140692101319,163789.59375
"209",131.142961746891,105244.140625
"210",131.145231451384,39775.31640625
"211",131.147501214801,5349.5263671875
"212",131.149620774773,0
"213",131.151890656042,0
"214",131.154160596242,0
"215",131.156430595373,0
"216",147.060057739378,0
"217",147.062752963674,0
"218",147.065448262065,0
"219",147.068143634555,0
"220",147.070839081144,6412.3134765625
"221",147.073534601837,11369.2197265625
"222",147.076230196636,15282.2822265625
"223",147.078925865544,15344.5791015625
"224",147.081621608564,11398.7265625
"225",147.084317425697,6106.0107421875
"226",147.086479589368,0
"227",147.089175554737,0
"228",147.09187159423,0
"229",147.094567707847,0
"230",169.043408989358,0
"231",169.046730629319,0
"232",169.050052367184,0
"233",169.053374202957,0
"234",169.056696136642,4610.3486328125
"235",169.060018168242,10526.6298828125
"236",169.063340297762,12058.9912109375
"237",169.066662525205,7453.6220703125
"238",169.069984850575,1157.19067382812
"239",169.073294646888,0
"240",169.076617168124,0
"241",169.079939787298,0
"242",169.083262504415,0
"243",172.04907402191,0
"244",172.052484645238,0
"245",172.055895369983,0
"246",172.059306196148,0
"247",172.062717123738,5466.65234375
"248",172.066128152756,17028.7421875
"249",172.069539283207,33222.5
"250",172.072950515095,42109.1015625
"251",172.076361848424,35297.04296875
"252",172.079773283197,17946.6328125
"253",172.083184819419,3108.97143554688
"254",172.086414351225,0
"255",172.089826090356,0
"256",172.093237930949,0
"257",172.096649873006,0
"258",173.957493869713,0
"259",173.960961403085,0
"260",173.964429040135,0
"261",173.967896780869,0
"262",173.971364625291,6135.36328125
"263",173.974832573403,7481.8466796875
"264",173.978300625212,8369.48046875
"265",173.98176878072,8515.8203125
"266",173.985237039933,7719.8857421875
"267",173.988705402853,6154.8359375
"268",173.992167948719,0
"269",173.995636519068,0
"270",173.999105193138,0
"271",174.002573970932,0
"272",175.100423185963,0
"273",175.103924948968,0
"274",175.10742681702,0
"275",175.110928790121,0
"276",175.114430868277,5589.6103515625
"277",175.117933051491,10772.26171875
"278",175.121435339769,11741.3349609375
"279",175.124937733113,7400.3642578125
"280",175.128440231529,1586.14721679688
"281",175.131937424501,0
"282",175.135440133072,0
"283",175.138942946726,0
"284",175.142445865469,0
"285",176.141543977671,0
"286",176.145077018643,0
"287",176.148610165915,0
"288",176.152143419489,0
"289",176.155676779371,4876.841796875
"290",176.159210245565,11335.400390625
"291",176.162743818075,12512.609375
"292",176.166277496905,8927.46875
"293",176.169811282059,6297.322265625
"294",176.173323417847,0
"295",176.176857415663,0
"296",176.180391519817,0
"297",176.183925730312,0
"298",180.327066537972,0
"299",180.330726254338,0
"300",180.334386082115,0
"301",180.338046021307,0
"302",180.341706071919,4694.41015625
"303",180.345366233956,7491.2529296875
"304",180.349026507421,9054.732421875
"305",180.35268689232,8438.1875
"306",180.356347388657,6136.4521484375
"307",180.359797667011,0
"308",180.363458386238,0
"309",180.367119216915,0
"310",180.370780159049,0
"311",185.142158791286,0
"312",185.145966070908,0
"313",185.149773467971,0
"314",185.153580982479,0
"315",185.157388614437,1340.57104492188
"316",185.16119636385,11797.58203125
"317",185.165004230723,19966.640625
"318",185.16881221506,19062.21484375
"319",185.172620316866,10916.056640625
"320",185.176428536147,3996.83911132812
"321",185.180231163782,0
"322",185.184039618025,0
"323",185.187848189757,0
"324",185.191656878982,0
"325",186.063115007851,0
"326",186.066950730853,0
"327",186.070786572466,0
"328",186.074622532696,0
"329",186.078458611547,7243.3466796875
"330",186.082294809025,10777.4931640625
"331",186.086131125134,14498.0419921875
"332",186.089967559879,14465.7900390625
"333",186.093804113265,8533.271484375
"334",186.097640785296,267.13525390625
"335",186.101471247758,0
"336",186.105308157096,0
"337",186.109145185095,0
"338",186.112982331759,0
"339",187.083739356902,0
"340",187.087606683824,0
"341",187.091474130663,0
"342",187.095341697422,0
"343",187.099209384109,4950.3876953125
"344",187.103077190726,18051.923828125
"345",187.10694511728,30552.72265625
"346",187.110813163775,32294.875
"347",187.114681330217,21705.1640625
"348",187.118549616609,8625.802734375
"349",187.122418022958,4400.501953125
"350",187.126275704132,0
"351",187.130144350408,0
"352",187.134013116654,0
"353",187.137882002877,0
"354",188.836215415335,0
"355",188.840137209412,0
"356",188.844059125663,0
"357",188.847981164092,0
"358",188.851903324705,4551.720703125
"359",188.855825607507,8094.591796875
"360",188.859748012503,9489.1015625
"361",188.863670539697,8279.1953125
"362",188.867593189096,5887.724609375
"363",188.871498165341,0
"364",188.875421059163,0
"365",188.879344075205,0
"366",188.88326721347,0
"367",191.707875204927,0
"368",191.711886797654,0
"369",191.715898516298,0
"370",191.719910360866,0
"371",191.723922331362,3468.11059570312
"372",191.727934427791,7306.962890625
"373",191.731946650159,9024.1630859375
"374",191.735958998471,7657.5498046875
"375",191.739971472732,4703.7548828125
"376",191.743731678244,0
"377",191.74774440442,0
"378",191.751757256561,0
"379",191.755770234672,0
"380",200.109455035722,0
"381",200.113733216336,0
"382",200.118011534146,0
"383",200.122289989159,0
"384",200.126568581381,5050.6435546875
"385",200.130847310816,16335.1845703125
"386",200.135126177472,33461.515625
"387",200.139405181353,44961.8984375
"388",200.143684322466,40125.55859375
"389",200.147963600817,21087.640625
"390",200.152243016412,1862.28491210938
"391",200.156615546564,0
"392",200.160895236664,0
"393",200.165175064024,0
"394",200.169455028651,0
"395",213.131870074123,0
"396",213.136572586449,0
"397",213.141275254409,0
"398",213.14597807801,0
"399",213.150681057259,1276.64672851562
"400",213.155384192162,10020.7060546875
"401",213.160087482727,15340.3369140625
"402",213.164790928961,12993.8349609375
"403",213.169494530869,5192.2080078125
"404",213.174193450007,0
"405",213.178897363287,0
"406",213.183601432263,0
"407",213.188305656941,0
"408",213.89570664393,0
"409",213.900434458808,0
"410",213.905162430437,0
"411",213.909890558825,0
"412",213.914618843978,7118.9560546875
"413",213.919347285903,8588.90234375
"414",213.924075884608,10398.908203125
"415",213.9288046401,10438.9384765625
"416",213.933533552384,7608.744140625
"417",213.938262621469,3070.52270507812
"418",213.943172768296,0
"419",213.947902151002,0
"420",213.952631690528,0
"421",213.957361386883,0
"422",215.073204106718,0
"423",215.07797100921,0
"424",215.082738070183,0
"425",215.087505289646,0
"426",215.092272667605,1468.86157226562
"427",215.097040204066,18521.197265625
"428",215.101807899038,34487.55859375
"429",215.106575752527,37001.85546875
"430",215.11134376454,24940.3984375
"431",215.116111935084,8949.8466796875
"432",215.120880264166,1380.98608398438
"433",215.125648553538,0
"434",215.130417199718,4778.9033203125
"435",215.135186004457,15629.4560546875
"436",215.139954967763,23304.779296875
"437",215.144724089641,21478.62890625
"438",215.1494933701,12715.9404296875
"439",215.154262809147,5471.3046875
"440",215.158972826357,0
"441",215.1637425826,0
"442",215.168512497451,0
"443",215.173282570917,0
"444",226.048948497373,0
"445",226.054084919703,0
"446",226.059221517104,0
"447",226.064358289583,0
"448",226.069495237149,316.62158203125
"449",226.074632359809,8075.1650390625
"450",226.079769657571,16628.529296875
"451",226.084907130443,19005.869140625
"452",226.090044778434,13364.5419921875
"453",226.09518260155,4079.46508789062
"454",226.10032018024,0
"455",226.105458353633,0
"456",226.110596702176,0
"457",226.115735225876,0
"458",226.131151848005,0
"459",226.136291072417,0
"460",226.141430472027,0
"461",226.146570046842,0
"462",226.151709796872,7093.0771484375
"463",226.156849722122,8028.572265625
"464",226.161989822603,8237.3544921875
"465",226.167130098321,7728.443359375
"466",226.172270549284,6245.2587890625
"467",226.177600185905,0
"468",226.182740987383,0
"469",226.187881964131,0
"470",226.193023116157,0
"471",228.09693476921,0
"472",228.102141146353,0
"473",228.107347701752,0
"474",228.112554435416,0
"475",228.117761347353,0
"476",228.122968437572,9091.595703125
"477",228.128175706079,29241.24609375
"478",228.133383152884,47619.08984375
"479",228.138590777995,49389.3515625
"480",228.143798581419,32889.171875
"481",228.149006563165,12117.5087890625
"482",228.154214723241,1114.48364257812
"483",228.159418566744,0
"484",228.164627083504,0
"485",228.169835778619,0
"486",228.175044652097,0
"487",229.089351712084,0
"488",229.094592104644,0
"489",229.099832677016,0
"490",229.105073429207,0
"491",229.110314361226,5487.494140625
"492",229.11555547308,12643.3173828125
"493",229.120796764779,15148.7197265625
"494",229.126038236331,11233.6923828125
"495",229.131279887743,5753.828125
"496",229.136516912934,0
"497",229.141758924092,0
"498",229.147001115135,0
"499",229.152243486072,0
"500",230.130462003721,0
"501",230.135738159957,0
"502",230.141014497642,0
"503",230.146291016784,0
"504",230.151567717393,2040.39868164062
"505",230.156844599476,10923.9580078125
"506",230.162121663041,44449.17578125
"507",230.167398908098,83141.1328125
"508",230.172676334653,97350.546875
"509",230.177953942717,74448.0390625
"510",230.183231732296,33888.86328125
"511",230.188509703399,5414.24609375
"512",230.193783543313,0
"513",230.19906187749,0
"514",230.204340393216,0
"515",230.2096190905,0
"516",231.083096935429,0
"517",231.088405887041,0
"518",231.093715021609,0
"519",231.099024339139,0
"520",231.104333839641,6074.1982421875
"521",231.109643523123,14330.6591796875
"522",231.114953389593,19374.28515625
"523",231.12026343906,17018.771484375
"524",231.125573671532,10212.353515625
"525",231.130884087018,4569.130859375
"526",231.136185315256,0
"527",231.141496096794,0
"528",231.146807061371,0
"529",231.152118208995,0
"530",233.129878247341,0
"531",233.135257890088,0
"532",233.140637719046,0
"533",233.146017734222,0
"534",233.151397935625,6194.8818359375
"535",233.156778323264,16334.0322265625
"536",233.162158897147,27648.28125
"537",233.167539657284,31337.5546875
"538",233.172920603682,24059.662109375
"539",233.17830173635,12195.9189453125
"540",233.183683055298,4796.0302734375
"541",233.189032881711,0
"542",233.194414573242,0
"543",233.199796451077,0
"544",233.205178515226,0
"545",240.058803804114,0
"546",240.064425056638,0
"547",240.070046506605,0
"548",240.075668154024,0
"549",240.081289998906,0
"550",240.086912041259,8239.6220703125
"551",240.092534281093,27576.306640625
"552",240.098156718416,40745.4296875
"553",240.103779353239,36900.67578125
"554",240.109402185569,20467.47265625
"555",240.115025215417,5176.89453125
"556",240.120847452806,0
"557",240.126470877717,0
"558",240.132094500173,0
"559",240.137718320183,0
"560",243.100541467675,0
"561",243.106269889685,0
"562",243.111998514174,0
"563",243.117727341151,0
"564",243.123456370625,7237.345703125
"565",243.129185602607,24801.921875
"566",243.134915037105,35544.04296875
"567",243.140644674129,31363.13671875
"568",243.146374513688,16962.9765625
"569",243.152104555794,4805.9140625
"570",243.157831261137,0
"571",243.163561708361,0
"572",243.169292358159,0
"573",243.175023210541,0
"574",244.054236085716,0
"575",244.059998250256,0
"576",244.065760618866,0
"577",244.071523191557,0
"578",244.077285968336,2416.94750976562
"579",244.083048949215,13105.7158203125
"580",244.088812134203,27232.072265625
"581",244.094575523309,33582.734375
"582",244.100339116543,26413.09765625
"583",244.106102913915,11936.7392578125
"584",244.111866915434,1235.29809570312
"585",244.117616170065,0
"586",244.123380579908,0
"587",244.129145193927,0
"588",244.134910012132,0
"589",248.10277632672,0
"590",248.10868246524,0
"591",248.114588814658,0
"592",248.120495374982,0
"593",248.126402146223,1796.43139648438
"594",248.132309128392,10224.44140625
"595",248.138216321498,17236.123046875
"596",248.144123725551,18178.87890625
"597",248.150031340561,13429.3115234375
"598",248.155939166538,8028.45703125
"599",248.161847203493,4974.2978515625
"600",248.167740794805,0
"601",248.173649253744,0
"602",248.179557923691,0
"603",248.185466804656,0
"604",252.065303816007,0
"605",252.071352012025,0
"606",252.07740042573,0
"607",252.083449057133,0
"608",252.089497906244,6114.728515625
"609",252.095546973074,15370.5087890625
"610",252.101596257633,34001.23828125
"611",252.107645759932,50303.5859375
"612",252.113695479982,48868.234375
"613",252.119745417792,29086.14453125
"614",252.125795573373,6653.740234375
"615",252.132049759812,0
"616",252.138100350966,0
"617",252.144151159923,0
"618",252.150202186693,0
"619",258.061229545846,0
"620",258.067494817637,0
"621",258.073760317594,0
"622",258.080026045729,0
"623",258.086292002053,923.848876953125
"624",258.092558186577,7346.89453125
"625",258.098824599312,25432.302734375
"626",258.105091240269,44979.7109375
"627",258.11135810946,50383.7421875
"628",258.117625206894,36992.140625
"629",258.123892532584,16254.4482421875
"630",258.130160086541,2214.58032226562
"631",258.136618799798,0
"632",258.142886810321,0
"633",258.149155049143,0
"634",258.155423516276,0
"635",276.089360906547,0
"636",276.096294046615,0
"637",276.103227447843,0
"638",276.110161110243,0
"639",276.11709503383,3797.75561523438
"640",276.124029218615,16418.27734375
"641",276.130963664612,27830.591796875
"642",276.137898371835,30017.296875
"643",276.144833340296,21464.587890625
"644",276.151768570008,8856.2275390625
"645",276.158704060985,0
"646",276.165626273498,0
"647",276.172562287044,0
"648",276.179498561893,0
"649",276.18643509806,0
"650",283.054365839447,0
"651",283.061562986127,0
"652",283.06876040731,0
"653",283.075958103009,0
"654",283.083156073239,5964.1767578125
"655",283.090354318014,28614.125
"656",283.097552837348,57383.09765625
"657",283.104751631254,71763.6640625
"658",283.111950699746,60296.9140625
"659",283.119150042839,33266.3359375
"660",283.126349660547,10744.4462890625
"661",283.133549552883,2415.10424804688
"662",283.140747809195,0
"663",283.147948250829,0
"664",283.155148967134,0
"665",283.162349958124,0
"666",284.035701548792,0
"667",284.042936156363,0
"668",284.050171040344,0
"669",284.057406200747,0
"670",284.064641637589,0
"671",284.071877350882,10957.0244140625
"672",284.079113340641,32855.8125
"673",284.08634960688,48369.34375
"674",284.093586149613,44819.1484375
"675",284.100822968853,25358.5546875
"676",284.108060064616,6548.376953125
"677",284.115285772508,0
"678",284.122523421357,0
"679",284.129761346771,0
"680",284.136999548763,0
"681",290.047258563229,0
"682",290.054724061749,0
"683",290.062189848502,0
"684",290.069655923505,0
"685",290.07712228677,4042.44750976562
"686",290.084588938314,7559.73046875
"687",290.092055878151,10176.0595703125
"688",290.099523106296,8269.9931640625
"689",290.106990622763,2305.10180664062
"690",290.114702653148,0
"691",290.122170746305,0
"692",290.12963912783,0
"693",290.137107797738,0
"694",299.123958557182,0
"695",299.131777211677,0
"696",299.139596172727,0
"697",299.147415440349,0
"698",299.155235014558,0
"699",299.163054895371,7830.439453125
"700",299.170875082804,15250.9052734375
"701",299.178695576872,13190.0947265625
"702",299.186516377593,2265.65356445312
"703",299.194337445603,4712.2744140625
"704",299.202158859675,16879.984375
"705",299.209980580447,21764.857421875
"706",299.217802607935,16831.71875
"707",299.225624942154,6341.14453125
"708",299.233446574296,0
"709",299.241269522027,0
"710",299.249092776539,0
"711",299.256916337847,0
"712",300.111527327619,0
"713",300.119384734666,0
"714",300.127242450296,0
"715",300.135100474526,0
"716",300.142958807372,7194.7060546875
"717",300.150817448849,12587.876953125
"718",300.158676398974,12772.8291015625
"719",300.166535657762,8040.3916015625
"720",300.174395225231,2594.44604492188
"721",300.182254076039,0
"722",300.190114260917,0
"723",300.197974754523,0
"724",300.205835556875,0
"725",301.056622978522,0
"726",301.064517531221,0
"727",301.07241239445,0
"728",301.080307568226,0
"729",301.088203052563,3543.14819335938
"730",301.096098847479,15730.4951171875
"731",301.103994952991,41005.2109375
"732",301.111891369113,62742.5390625
"733",301.119788095863,62054.75
"734",301.127685133257,38927.3984375
"735",301.135582481311,12512.7802734375
"736",301.143480140042,0
"737",301.151637214435,0
"738",301.159535494568,0
"739",301.167434085425,0
"740",301.175332987024,0
"741",324.079047150304,0
"742",324.087864365114,0
"743",324.096681939764,0
"744",324.105499874274,0
"745",324.114318168662,2377.12670898438
"746",324.123136822948,9554.5322265625
"747",324.131955837152,14283.0205078125
"748",324.140775211294,13531.3486328125
"749",324.149594945392,8619.748046875
"750",324.158415039467,3796.54223632812
"751",324.167234713498,0
"752",324.176055527585,0
"753",324.184876701708,0
"754",324.193698235886,0
"755",328.137335870029,0
"756",328.146319224093,0
"757",328.155302947066,0
"758",328.164287038968,0
"759",328.173271499818,5763.330078125
"760",328.182256329637,19790.234375
"761",328.191241528445,26238.189453125
"762",328.200227096263,21501.15234375
"763",328.20921303311,11802.5732421875
"764",328.218199339007,5391.1396484375
"765",328.22718429708,0
"766",328.236171341137,0
"767",328.245158754304,0
"768",328.254146536602,0
"769",337.065082139599,0
"770",337.074434598526,0
"771",337.083787446709,0
"772",337.09314068417,0
"773",337.102494310929,4201.154296875
"774",337.111848327009,9231.4384765625
"775",337.121202732431,11385.46875
"776",337.130557527217,9026.29296875
"777",337.139912711388,4810.884765625
"778",337.149566717491,0
"779",337.158922680498,0
"780",337.168279032955,0
"781",337.177635774883,0
"782",342.096413558613,0
"783",342.105976190538,0
"784",342.115539223426,0
"785",342.125102657299,0
"786",342.13466649218,1927.89428710938
"787",342.144230728091,9008.6357421875
"788",342.153795365053,11936.0615234375
"789",342.163360403091,8910.5751953125
"790",342.172925842226,3143.34594726562
"791",342.182492372037,0
"792",342.192058613433,0
"793",342.201625255994,0
"794",342.211192299742,0
"795",343.093079613702,0
"796",343.102684066092,0
"797",343.112288921784,0
"798",343.121894180801,0
"799",343.131499843166,0
"800",343.141105908902,9490.62109375
"801",343.150712378029,26268.26171875
"802",343.160319250573,38530.3671875
"803",343.169926526554,36330.26953125
"804",343.179534205995,21853.587890625
"805",343.18914228892,8055.13671875
"806",343.19875077535,4369.091796875
"807",343.208367166443,0
"808",343.217976459952,0
"809",343.227586157035,0
"810",343.237196257714,0
"811",354.088037344642,0
"812",354.098107164322,0
"813",354.108177413568,0
"814",354.118248092404,0
"815",354.128319200855,2920.76635742188
"816",354.138390738945,10062.83203125
"817",354.148462706699,13418.0751953125
"818",354.15853510414,11683.71875
"819",354.168607931295,7844.224609375
"820",354.178681188186,4401.79296875
"821",354.188755543892,0
"822",354.19882966033,0
"823",354.208904206579,0
"824",354.218979182662,0
"825",355.066814189865,0
"826",355.076925791454,0
"827",355.087037824986,0
"828",355.097150290488,0
"829",355.107263187982,111.6259765625
"830",355.117376517494,8263.2265625
"831",355.127490279049,12521.2197265625
"832",355.137604472671,11072.2470703125
"833",355.147719098384,7474.388671875
"834",355.158163557412,0
"835",355.168279047383,0
"836",355.178394969519,0
"837",355.188511323845,0
"838",367.072222813696,0
"839",367.082851551357,0
"840",367.093480750665,0
"841",367.104110411647,0
"842",367.114740534329,7617.8896484375
"843",367.125371118738,13968.1044921875
"844",367.136002164901,16833.150390625
"845",367.146633672845,14662.5419921875
"846",367.157265642597,9288.759765625
"847",367.167898074182,3730.25708007812
"848",367.178538788293,0
"849",367.189172143627,0
"850",367.199805960875,0
"851",367.210440240065,0
"852",372.086538115374,0
"853",372.097385384226,0
"854",372.108233127424,0
"855",372.119081344996,0
"856",372.129930036968,5829.52734375
"857",372.14077920337,15258.9033203125
"858",372.151628844227,21734.263671875
"859",372.162478959569,21910.861328125
"860",372.173329549422,18088.208984375
"861",372.184180613815,14451.9619140625
"862",372.195032152775,11717.8671875
"863",372.20588416633,7853.8837890625
"864",372.216736654507,2358.97875976562
"865",372.227595773202,0
"866",372.238449210707,0
"867",372.249303122917,0
"868",372.260157509861,0
"869",376.044468110981,0
"870",376.055488916107,0
"871",376.066510205723,0
"872",376.077531979859,0
"873",376.088554238543,7253.4453125
"874",376.099576981803,7957.015625
"875",376.110600209667,8260.2412109375
"876",376.121623922165,7818.8486328125
"877",376.132648119324,6496.30859375
"878",376.143673064387,0
"879",376.154698230954,0
"880",376.165723882267,0
"881",376.176750018355,0
"882",376.198803744971,0
"883",376.209831335554,0
"884",376.220859411027,0
"885",376.231887971417,0
"886",376.242917016752,4768.015625
"887",376.253946547061,22108.23828125
"888",376.264976562373,45947.671875
"889",376.276007062715,61580.81640625
"890",376.287038048117,55841.3828125
"891",376.298069518607,32877.5625
"892",376.309101474213,10387.115234375
"893",376.320133914963,963.944580078125
"894",376.331172390812,0
"895",376.342205801937,0
"896",376.353239698292,0
"897",376.364274079906,0
"898",379.77491063127,0
"899",379.786095836778,0
"900",379.797281536437,0
"901",379.808467730277,0
"902",379.819654418326,4370.0048828125
"903",379.830841600614,8103.3427734375
"904",379.842029277169,9411.607421875
"905",379.853217448021,7856.650390625
"906",379.864406113199,5166.7353515625
"907",379.875603712727,0
"908",379.886793366644,0
"909",379.897983514975,0
"910",379.909174157748,0
"911",385.189737969905,0
"912",385.201163245672,0
"913",385.212589029783,0
"914",385.224015322267,0
"915",385.235442123155,1344.64428710938
"916",385.246869432476,8747.4130859375
"917",385.258297250261,12952.1669921875
"918",385.26972557654,10644.880859375
"919",385.281154411343,4898.6728515625
"920",385.292586732139,0
"921",385.304016584081,0
"922",385.315446944637,0
"923",385.326877813838,0
"924",387.093321129929,0
"925",387.10483120534,0
"926",387.116341794132,0
"927",387.127852896334,0
"928",387.139364511978,1932.65307617188
"929",387.150876641093,10490.7470703125
"930",387.16238928371,19730.650390625
"931",387.17390243986,22221.25390625
"932",387.185416109573,16035.9736328125
"933",387.196930292879,6794.3642578125
"934",387.208355507232,0
"935",387.219870717818,0
"936",387.231386442089,0
"937",387.242902680077,0
"938",394.057169359428,0
"939",394.068991435564,0
"940",394.080814043719,0
"941",394.092637183924,0
"942",394.104460856212,659.593017578125
"943",394.116285060613,9144.5966796875
"944",394.12810979716,23462.974609375
"945",394.139935065885,30488.9453125
"946",394.15176086682,22995.6875
"947",394.163587199996,8135.1982421875
"948",394.175414065447,3997.74145507812
"949",394.187242743655,0
"950",394.199070673748,0
"951",394.210899136211,0
"952",394.222728131076,0
"953",395.052082697306,0
"954",395.063949574486,0
"955",395.075816986375,0
"956",395.087684933004,0
"957",395.099553414405,7218.4541015625
"958",395.111422430611,15418.5615234375
"959",395.123291981653,18679.224609375
"960",395.135162067565,14188.5146484375
"961",395.147032688377,5945.0166015625
"962",395.158916952371,0
"963",395.170788643082,0
"964",395.182660868789,0
"965",395.194533629527,0
"966",405.100982608585,0
"967",405.113305141273,0
"968",405.125628236218,0
"969",405.137951893454,0
"970",405.150276113016,4943.5771484375
"971",405.162600894938,10310.3837890625
"972",405.174926239254,15820.0498046875
"973",405.187252145998,16170.1943359375
"974",405.199578615204,10401.587890625
"975",405.211905646907,2737.30639648438
"976",405.224241135672,0
"977",405.236569292471,0
"978",405.248898011869,0
"979",405.261227293901,0
"980",411.156662642848,0
"981",411.169262513997,0
"982",411.18186296434,0
"983",411.194463993911,0
"984",411.207065602746,1838.61840820312
"985",411.219667790881,8158.5927734375
"986",411.23227055835,12139.71484375
"987",411.24487390519,12623.9677734375
"988",411.257477831436,9299.8818359375
"989",411.270082337124,4168.4208984375
"990",411.282688607978,0
"991",411.295294272655,0
"992",411.30790051688,0
"993",411.320507340689,0
"994",412.065337088474,0
"995",412.077978752415,0
"996",412.090620998112,0
"997",412.103263825601,0
"998",412.115907234917,6488.5966796875
"999",412.128551226096,25983.544921875
"1000",412.141195799173,45612.80078125
"1001",412.153840954185,49426.71484375
"1002",412.166486691167,34215.66796875
"1003",412.179133010155,12903.6669921875
"1004",412.191779911184,113.103515625
"1005",412.204428836211,0
"1006",412.21707690143,0
"1007",412.229725548799,0
"1008",412.242374778351,0
"1009",413.167343431768,0
"1010",413.180035842301,0
"1011",413.192728837707,0
"1012",413.20542241802,0
"1013",413.218116583277,2639.97241210938
"1014",413.230811333513,18876.484375
"1015",413.243506668764,40743.703125
"1016",413.256202589068,51479.8515625
"1017",413.268899094458,42108.7890625
"1018",413.281596184972,21118.2421875
"1019",413.294293860645,3937.62426757812
"1020",413.307007732401,0
"1021",413.3197065785,0
"1022",413.332406009867,0
"1023",413.345106026537,0
"1024",425.149345117514,0
"1025",425.16259364285,0
"1026",425.175842787473,0
"1027",425.189092551421,0
"1028",425.202342934734,2120.73217773438
"1029",425.215593937449,12508.0263671875
"1030",425.228845559607,21985.94921875
"1031",425.242097801244,22850.939453125
"1032",425.2553506624,13490.5966796875
"1033",425.268604143114,1443.56469726562
"1034",425.281754024731,0
"1035",425.295008744675,0
"1036",425.308264084293,0
"1037",425.321520043622,0
"1038",429.084575667753,0
"1039",429.098008569408,0
"1040",429.111442101867,0
"1041",429.124876265172,0
"1042",429.13831105936,2103.05688476562
"1043",429.151746484472,8985.4970703125
"1044",429.165182540547,14908.8759765625
"1045",429.178619227624,15198.1396484375
"1046",429.192056545743,9851.2216796875
"1047",429.205494494945,3615.02075195312
"1048",429.218934110665,0
"1049",429.232373322148,0
"1050",429.245813164831,0
"1051",429.259253638754,0
"1052",430.066838739592,0
"1053",430.080317794008,0
"1054",430.093797482121,0
"1055",430.107277803969,0
"1056",430.120758759594,5005.8828125
"1057",430.134240349034,8461.2724609375
"1058",430.14772257233,15176.8818359375
"1059",430.16120542952,18854.78125
"1060",430.174688920646,13993.4072265625
"1061",430.188173045746,3928.83081054688
"1062",430.201666211212,0
"1063",430.21515160438,0
"1064",430.228637631643,0
"1065",430.24212429304,0
"1066",438.089389854264,0
"1067",438.103247826476,0
"1068",438.117106456249,0
"1069",438.130965743623,0
"1070",438.144825688639,3008.72094726562
"1071",438.15868629134,9488.8828125
"1072",438.172547551767,14925.5458984375
"1073",438.186409469961,14875.1123046875
"1074",438.200272045965,9328.1328125
"1075",438.214135279819,2308.00610351562
"1076",438.228003427012,0
"1077",438.241867976693,0
"1078",438.25573318435,0
"1079",438.269599050025,0
"1080",442.149979822574,0
"1081",442.164030913496,0
"1082",442.178082674225,0
"1083",442.192135104802,0
"1084",442.20618820527,4788.173828125
"1085",442.220241975672,10623.15625
"1086",442.23429641605,14346.9365234375
"1087",442.248351526447,13513.6552734375
"1088",442.262407306905,9581.3544921875
"1089",442.276463757468,5554.7236328125
"1090",442.290525078208,0
"1091",442.304582869106,0
"1092",442.318641330236,0
"1093",442.332700461641,0
"1094",446.167572386631,0
"1095",446.181815426136,0
"1096",446.196059147675,0
"1097",446.210303551291,0
"1098",446.224548637029,7004.0322265625
"1099",446.23879440493,14425.2880859375
"1100",446.25304085504,14091.1650390625
"1101",446.267287987401,7798.994140625
"1102",446.281535802057,1327.08959960938
"1103",446.295794826257,0
"1104",446.310044005635,0
"1105",446.324293867438,0
"1106",446.33854441171,0
"1107",456.203984575649,0
"1108",456.218710901271,0
"1109",456.233437939956,0
"1110",456.248165691751,0
"1111",456.262894156702,6328.2158203125
"1112",456.277623334855,12354.794921875
"1113",456.292353226255,13190.7978515625
"1114",456.30708383095,9157.8994140625
"1115",456.321815148984,5290.7841796875
"1116",456.336440295044,0
"1117",456.351173039897,0
"1118",456.365906498228,0
"1119",456.380640670083,0
"1120",468.155571311983,0
"1121",468.170880120141,0
"1122",468.186189679215,0
"1123",468.201499989254,0
"1124",468.216811050306,3366.59399414062
"1125",468.232122862421,8563.3984375
"1126",468.247435425649,11360.3447265625
"1127",468.262748740038,7863.0576171875
"1128",468.278062805637,1503.34301757812
"1129",468.293387123674,0
"1130",468.308702691841,0
"1131",468.324019011366,0
"1132",468.339336082298,0
"1133",480.121763648386,0
"1134",480.137663142514,0
"1135",480.153563426435,0
"1136",480.169464500202,0
"1137",480.185366363869,4241.9130859375
"1138",480.201269017486,18803.576171875
"1139",480.217172461107,30771.24609375
"1140",480.233076694784,29903.94140625
"1141",480.248981718568,16338.9169921875
"1142",480.264887532513,1686.32543945312
"1143",480.280795748703,0
"1144",480.296703143126,0
"1145",480.312611327866,0
"1146",480.328520302976,0
"1147",482.147337641298,0
"1148",482.163337859265,0
"1149",482.179338873704,0
"1150",482.195340684669,0
"1151",482.211343292212,2976.34497070312
"1152",482.227346696385,16652.369140625
"1153",482.243350897243,32546.73828125
"1154",482.259355894837,37601.70703125
"1155",482.275361689221,26124.16796875
"1156",482.291368280448,7356.5625
"1157",482.307375861732,0
"1158",482.323384046802,0
"1159",482.339393028874,0
"1160",482.355402807999,0
"1161",482.40343692823,0
"1162",482.419449896101,0
"1163",482.435463661291,0
"1164",482.451478223853,0
"1165",482.467493583839,2840.54223632812
"1166",482.483509741303,8614.044921875
"1167",482.499526696297,11106.08984375
"1168",482.515544448875,8741.029296875
"1169",482.531562999089,4038.23022460938
"1170",482.547594920953,0
"1171",482.563615066599,0
"1172",482.57963601004,0
"1173",482.59565775133,0
"1174",498.251692315455,0
"1175",498.268500839758,0
"1176",498.28531021463,0
"1177",498.302120440127,0
"1178",498.318931516307,4320.173828125
"1179",498.335743443229,9386.6376953125
"1180",498.352556220947,11446.5927734375
"1181",498.369369849521,8375.107421875
"1182",498.386184329008,2379.52905273438
"1183",498.403004767275,0
"1184",498.419820948759,0
"1185",498.436637981329,0
"1186",498.453455865041,0
"1187",504.683575921798,0
"1188",504.70071096637,0
"1189",504.717846883613,0
"1190",504.734983673585,0
"1191",504.752121336346,2788.47973632812
"1192",504.769259871955,8152.9697265625
"1193",504.786399280471,10788.03515625
"1194",504.803539561954,9700.671875
"1195",504.820680716463,5853.6875
"1196",504.83770544165,0
"1197",504.854848342388,0
"1198",504.87199211633,0
"1199",504.889136763535,0
"1200",526.200755734757,0
"1201",526.218998222965,0
"1202",526.237241659844,0
"1203",526.25548604546,0
"1204",526.273731379879,0
"1205",526.291977663165,13378.2587890625
"1206",526.310224895386,37796.9375
"1207",526.328473076606,58457.62890625
"1208",526.346722206893,60136.046875
"1209",526.36497228631,41562.29296875
"1210",526.383223314925,17153.853515625
"1211",526.401475292804,1494.63989257812
"1212",526.419728747517,0
"1213",526.437982624119,0
"1214",526.456237450182,0
"1215",526.474493225771,0
"1216",527.205503617681,0
"1217",527.223798380621,0
"1218",527.242094095858,0
"1219",527.260390763459,0
"1220",527.27868838349,5895.47265625
"1221",527.296986956016,10138.1953125
"1222",527.315286481103,12419.771484375
"1223",527.333586958819,11635.59375
"1224",527.351888389228,8714.830078125
"1225",527.370190772398,4909.224609375
"1226",527.388495969583,0
"1227",527.406800258471,0
"1228",527.425105500318,0
"1229",527.443411695189,0
"1230",530.661732715196,0
"1231",530.680207678109,0
"1232",530.698683605847,0
"1233",530.717160498476,0
"1234",530.735638356064,3568.31225585938
"1235",530.754117178678,7840.7724609375
"1236",530.772596966385,10810.7119140625
"1237",530.791077719253,10435.3701171875
"1238",530.809559437349,7506.296875
"1239",530.828044547853,0
"1240",530.846528196605,0
"1241",530.865012810787,0
"1242",530.883498390465,0
"1243",535.179679385604,0
"1244",535.198390790141,0
"1245",535.217103176002,0
"1246",535.235816543254,0
"1247",535.254530891967,6422.482421875
"1248",535.273246222209,8498.1611328125
"1249",535.291962534049,9427.6689453125
"1250",535.310679827556,8481.3515625
"1251",535.329398102798,5840.8251953125
"1252",535.348119248391,0
"1253",535.366839487308,0
"1254",535.385560708168,0
"1255",535.404282911036,0
"1256",538.676958889193,0
"1257",538.69585400687,0
"1258",538.714750118738,0
"1259",538.733647224867,0
"1260",538.752545325327,0
"1261",538.771444420186,13070.0224609375
"1262",538.790344509516,25540.021484375
"1263",538.809245593385,27454.5390625
"1264",538.828147671863,17227.5703125
"1265",538.847050745021,2890.09204101562
"1266",538.865955077191,0
"1267",538.884860139917,0
"1268",538.903766197531,0
"1269",538.922673250104,0
"1270",539.168555506547,0
"1271",539.187476495872,0
"1272",539.206398481203,0
"1273",539.225321462611,0
"1274",539.244245440165,5881.9248046875
"1275",539.263170413935,20343.177734375
"1276",539.282096383991,33840.26171875
"1277",539.301023350402,35577.51953125
"1278",539.31995131324,24049.98828125
"1279",539.338880272574,8260.5234375
"1280",539.357810228473,0
"1281",539.376743302473,0
"1282",539.395675251714,0
"1283",539.414608197731,0
"1284",539.433542140593,0
"1285",543.125669240906,0
"1286",543.144798913647,0
"1287",543.163929597068,0
"1288",543.18306129124,0
"1289",543.202193996235,7154.3291015625
"1290",543.221327712124,10881.8232421875
"1291",543.240462438978,12488.798828125
"1292",543.259598176868,9740.9521484375
"1293",543.278734925866,4562.20703125
"1294",543.297873520275,0
"1295",543.317012291701,0
"1296",543.336152074449,0
"1297",543.355292868589,0
"1298",544.678454256071,0
"1299",544.697666025125,0
"1300",544.716878810648,0
"1301",544.736092612709,0
"1302",544.755307431382,7809.3505859375
"1303",544.774523266737,11747.919921875
"1304",544.793740118847,12439.2880859375
"1305",544.812957987783,10307.6943359375
"1306",544.832176873617,7152.9052734375
"1307",544.851400254241,0
"1308",544.870621174086,0
"1309",544.889843111044,0
"1310",544.909066065187,0
"1311",551.113052460015,0
"1312",551.13260567492,0
"1313",551.152159930451,0
"1314",551.171715226682,0
"1315",551.191271563687,2041.38549804688
"1316",551.210828941539,7949.9306640625
"1317",551.230387360313,18226.365234375
"1318",551.249946820082,25564.51171875
"1319",551.269507320921,22691.12109375
"1320",551.289068862903,11140.6923828125
"1321",551.308631446102,1450.47973632812
"1322",551.328170625906,0
"1323",551.347735291761,0
"1324",551.367300999054,0
"1325",551.38686774786,0
"1326",558.100431057478,0
"1327",558.120357316368,0
"1328",558.140284642439,0
"1329",558.160213035767,0
"1330",558.18014249643,6289.5458984375
"1331",558.200073024502,8986.8125
"1332",558.220004620061,10190.744140625
"1333",558.239937283183,8135.8837890625
"1334",558.259871013943,4579.6923828125
"1335",558.27981460096,0
"1336",558.299750467227,0
"1337",558.319687401361,0
"1338",558.339625403439,0
"1339",576.119779199232,0
"1340",576.140678251383,0
"1341",576.161578440741,0
"1342",576.182479767388,0
"1343",576.203382231408,3719.01782226562
"1344",576.224285832883,8018.5166015625
"1345",576.245190571895,11004.94921875
"1346",576.266096448527,9439.994140625
"1347",576.287003462861,6233.91015625
"1348",576.307913096016,0
"1349",576.328822386002,0
"1350",576.349732813939,0
"1351",576.370644379908,0
"1352",579.162056877533,0
"1353",579.183121689856,0
"1354",579.204187651429,0
"1355",579.225254762335,0
"1356",579.246323022658,5341.6015625
"1357",579.267392432481,8735.814453125
"1358",579.288462991888,10690.072265625
"1359",579.309534700962,8148.1416015625
"1360",579.330607559788,2430.18237304688
"1361",579.351683557492,0
"1362",579.372758716071,0
"1363",579.393835024652,0
"1364",579.414912483319,0
"1365",583.227672975513,0
"1366",583.24895998554,0
"1367",583.270248161008,0
"1368",583.291537502003,0
"1369",583.312828008609,987.188720703125
"1370",583.334119680913,8496.412109375
"1371",583.355412518997,15526.7158203125
"1372",583.376706522949,16084.5615234375
"1373",583.398001692853,10098.763671875
"1374",583.419298028794,2316.43627929688
"1375",583.440601841965,0
"1376",583.461900510236,0
"1377",583.483200344799,0
"1378",583.504501345741,0
"1379",596.168404626894,0
"1380",596.190404037298,0
"1381",596.212404665437,0
"1382",596.234406511399,0
"1383",596.256409575276,5275.35546875
"1384",596.278413857156,23826.021484375
"1385",596.30041935713,43839.33203125
"1386",596.322426075287,47873.12890625
"1387",596.344434011718,32917.7578125
"1388",596.366443166513,12019.4375
"1389",596.38845353976,0
"1390",596.410465374539,0
"1391",596.432478184963,0
"1392",596.45449221411,0
"1393",596.476507462071,0
"1394",596.652673333827,0
"1395",596.674699555155,0
"1396",596.696726996197,0
"1397",596.718755657043,0
"1398",596.740785537781,2083.48950195312
"1399",596.762816638504,13985.5498046875
"1400",596.784848959299,34827.375
"1401",596.806882500258,50660.64453125
"1402",596.828917261472,47894.46875
"1403",596.850953243029,28862.015625
"1404",596.87299044502,8896.7333984375
"1405",596.895028867535,193.403076171875
"1406",596.917069265879,0
"1407",596.939110129713,0
"1408",596.961152214341,0
"1409",596.983195519854,0
"1410",598.219571946217,0
"1411",598.241684991458,0
"1412",598.263799262827,0
"1413",598.285914760415,0
"1414",598.308031484312,4821.640625
"1415",598.33014943461,10595.0087890625
"1416",598.352268611398,16098.7431640625
"1417",598.374389014768,16314.0771484375
"1418",598.396510644809,10134.9853515625
"1419",598.418633501614,2460.56811523438
"1420",598.440733217159,0
"1421",598.462858527761,0
"1422",598.484985065399,0
"1423",598.507112830162,0
"1424",612.191443464588,0
"1425",612.214335725052,0
"1426",612.237229269588,0
"1427",612.260124098293,0
"1428",612.283020211262,5575.84375
"1429",612.305917608591,19381.67578125
"1430",612.328816290378,39257.3671875
"1431",612.351716256717,54310.60546875
"1432",612.374617507704,51819.73046875
"1433",612.397520043437,33046.6171875
"1434",612.420423864011,12527.1875
"1435",612.443328969522,1925.37915039062
"1436",612.466235800989,0
"1437",612.489143476662,0
"1438",612.512052437561,0
"1439",612.534962683781,0
"1440",613.222868222188,0
"1441",613.245818361115,0
"1442",613.268769788445,0
"1443",613.291722504275,0
"1444",613.3146765087,3304.79272460938
"1445",613.337631801818,8729.5791015625
"1446",613.360588383724,12735.7470703125
"1447",613.383546254516,12356.494140625
"1448",613.40650541429,9001.3330078125
"1449",613.429465863142,6414.4169921875
"1450",613.452438511147,0
"1451",613.475401538445,0
"1452",613.498365855111,0
"1453",613.52133146124,0
"1454",638.219634514481,0
"1455",638.244002144048,0
"1456",638.2683711692,0
"1457",638.292741590042,0
"1458",638.317113406681,6156.6630859375
"1459",638.341486619225,9004.6787109375
"1460",638.365861227778,10623.529296875
"1461",638.390237232449,8946.787109375
"1462",638.414614633343,4769.5654296875
"1463",638.438993899431,0
"1464",638.463374093092,0
"1465",638.487755683297,0
"1466",638.512138670152,0
"1467",639.293132319646,0
"1468",639.317561455864,0
"1469",639.341991992364,0
"1470",639.366423929255,0
"1471",639.390857266642,2463.22534179688
"1472",639.415292004633,11589.353515625
"1473",639.439728143336,15386.5791015625
"1474",639.464165682856,11657.6083984375
"1475",639.488604623302,4636.390625
"1476",639.513047570766,0
"1477",639.537489313383,0
"1478",639.561932457247,0
"1479",639.586377002464,0
"1480",645.246070639999,0
"1481",645.270841789537,0
"1482",645.295614365558,0
"1483",645.320388368171,0
"1484",645.345163797487,5711.064453125
"1485",645.369940653614,10990.3232421875
"1486",645.394718936662,16040.7568359375
"1487",645.41949864674,16932.88671875
"1488",645.444279783959,10947.478515625
"1489",645.469062348428,1634.63354492188
"1490",645.493846535748,0
"1491",645.518631955045,0
"1492",645.543418801921,0
"1493",645.568207076486,0
"1494",645.692169868472,0
"1495",645.71696671147,0
"1496",645.741764982924,0
"1497",645.766564682943,0
"1498",645.791365811639,3919.46655273438
"1499",645.816168369119,8062.0830078125
"1500",645.840972355494,14307.1279296875
"1501",645.865777770875,15418.7978515625
"1502",645.890584615369,10840.103515625
"1503",645.915392889089,5282.1474609375
"1504",645.940205646851,0
"1505",645.965016779348,0
"1506",645.989829341399,0
"1507",646.014643333114,0
"1508",652.69148425191,0
"1509",652.7166853867,0
"1510",652.741887981085,0
"1511",652.767092035175,0
"1512",652.792297549085,4106.1171875
"1513",652.817504522926,19822.8046875
"1514",652.842712956812,34004.02734375
"1515",652.867922850854,34840.53515625
"1516",652.893134205167,21304.251953125
"1517",652.918347019863,4467.8623046875
"1518",652.943561512372,0
"1519",652.968777248171,0
"1520",652.993994444692,0
"1521",653.019213102047,0
"1522",653.195784616361,0
"1523",653.221014964451,0
"1524",653.24624677439,0
"1525",653.271480046293,0
"1526",653.296714780271,2370.96850585938
"1527",653.321950976438,13106.0966796875
"1528",653.347188634907,20561.021484375
"1529",653.37242775579,18652.0859375
"1530",653.397668339201,8239.755859375
"1531",653.422910385253,0
"1532",653.448159531849,0
"1533",653.473404503522,0
"1534",653.498650938174,0
"1535",653.523898835919,0
"1536",666.099608666175,0
"1537",666.125590336571,0
"1538",666.151573527146,0
"1539",666.177558238018,0
"1540",666.203544469307,6539.3759765625
"1541",666.22953222113,9273.7236328125
"1542",666.255521493607,12777.8623046875
"1543",666.281512286856,13357.7236328125
"1544",666.307504600995,8412.9150390625
"1545",666.333498436144,1680.04907226562
"1546",666.359462254027,0
"1547",666.38545913155,0
"1548",666.411457530439,0
"1549",666.437457450813,0
"1550",673.223015174557,0
"1551",673.249414743265,0
"1552",673.275815864841,0
"1553",673.302218539407,0
"1554",673.328622767084,5006.0107421875
"1555",673.355028547995,15206.2294921875
"1556",673.38143588226,30670.0703125
"1557",673.407844770002,38980.5078125
"1558",673.434255211344,32666.72265625
"1559",673.460667206405,17490.755859375
"1560",673.487080755309,6959.662109375
"1561",673.513507018769,0
"1562",673.539923675724,0
"1563",673.566341886887,0
"1564",673.59276165238,0
"1565",702.21537118714,0
"1566",702.24349434983,0
"1567",702.271619202019,0
"1568",702.299745743843,0
"1569",702.327873975436,6983.986328125
"1570",702.356003896934,14702.9013671875
"1571",702.384135508473,21237.2890625
"1572",702.412268810187,20943.462890625
"1573",702.440403802213,13737.7236328125
"1574",702.468540484685,4799.2998046875
"1575",702.496678978549,0
"1576",702.524819042321,0
"1577",702.552960796946,0
"1578",702.581104242559,0
"1579",702.609249379296,0
"1580",702.637396207292,0
"1581",702.665544726684,7649.89453125
"1582",702.693694937605,10175.3583984375
"1583",702.721846840193,10351.2216796875
"1584",702.750000434582,8843.6298828125
"1585",702.778155720908,6783.7685546875
"1586",702.806314499699,0
"1587",702.834473170306,0
"1588",702.862633533256,0
"1589",702.890795588687,0
"1590",707.219612041049,0
"1591",707.248036365363,0
"1592",707.276462403343,0
"1593",707.304890155126,0
"1594",707.33331962085,4969.525390625
"1595",707.361750800652,11401.0771484375
"1596",707.390183694671,13747.1787109375
"1597",707.418618303044,9975.0478515625
"1598",707.447054625908,4041.88012695312
"1599",707.475494016266,0
"1600",707.503933768528,0
"1601",707.532375235696,0
"1602",707.560818417907,0
"1603",710.728704728667,0
"1604",710.75734087159,0
"1605",710.785978745227,0
"1606",710.814618349717,0
"1607",710.843259685199,5170.7265625
"1608",710.871902751813,8239.0625
"1609",710.900547549699,10065.00390625
"1610",710.929194078996,8261.3662109375
"1611",710.957842339843,3977.96508789062
"1612",710.986492911925,0
"1613",711.015144636292,0
"1614",711.043798092629,0
"1615",711.072453281074,0
"1616",712.191358165051,0
"1617",712.220082752483,0
"1618",712.248809077759,0
"1619",712.277537141021,0
"1620",712.306266942407,2306.50268554688
"1621",712.334998482057,11618.6220703125
"1622",712.363731760114,30656.7265625
"1623",712.392466776716,47193.78515625
"1624",712.421203532004,46639.34375
"1625",712.449942026118,29183.3828125
"1626",712.478682259198,9243.29296875
"1627",712.507424231385,0
"1628",712.536168326786,0
"1629",712.564913777608,0
"1630",712.593660967957,0
"1631",712.622409897974,0
"1632",713.226539540385,0
"1633",713.255326778639,0
"1634",713.284115759794,0
"1635",713.312906483989,0
"1636",713.341698951366,3572.91235351562
"1637",713.370493162065,9650.654296875
"1638",713.399289116228,13090.7119140625
"1639",713.428086813994,11110.947265625
"1640",713.456886255505,5931.0400390625
"1641",713.485692437884,0
"1642",713.514495367306,0
"1643",713.543300040896,0
"1644",713.572106458794,0
"1645",726.211122330701,0
"1646",726.240699269186,0
"1647",726.270278014611,0
"1648",726.299858567122,0
"1649",726.329440926868,5822.865234375
"1650",726.359025093994,13271.9150390625
"1651",726.388611068649,15638.4833984375
"1652",726.41819885098,9230.2724609375
"1653",726.447788441134,0
"1654",726.47738003504,0
"1655",726.506973241281,0
"1656",726.536568255788,0
"1657",726.566165078706,0
"1658",726.68457045745,0
"1659",726.71417632464,0
"1660",726.743784001126,0
"1661",726.773393487056,0
"1662",726.803004782578,5851.7177734375
"1663",726.832617887839,13630.0009765625
"1664",726.862232802985,22938.63671875
"1665",726.891849528166,26812.69140625
"1666",726.921468063528,22030.59375
"1667",726.951088409218,12319.2509765625
"1668",726.980710565385,4059.42797851562
"1669",727.010337034116,0
"1670",727.039962811678,0
"1671",727.069590400159,0
"1672",727.099219799707,0
"1673",733.211703561969,0
"1674",733.241709210512,0
"1675",733.271716701001,0
"1676",733.301726033586,0
"1677",733.331737208418,5055.9892578125
"1678",733.361750225648,9265.109375
"1679",733.391765085426,10535.8134765625
"1680",733.421781787904,8587.0283203125
"1681",733.451800333233,4524.62109375
"1682",733.481823091662,0
"1683",733.511845323144,0
"1684",733.541869397928,0
"1685",733.571895316167,0
"1686",739.340826165093,0
"1687",739.371208841016,0
"1688",739.40159338981,0
"1689",739.431979811627,0
"1690",739.46236810662,6145.5517578125
"1691",739.492758274946,8302.0615234375
"1692",739.523150316757,8962.1103515625
"1693",739.553544232207,9045.73828125
"1694",739.583940021451,8710.9150390625
"1695",739.614337684642,7798.4423828125
"1696",739.644707957597,0
"1697",739.675109369145,0
"1698",739.705512655103,0
"1699",739.735917815624,0
"1700",767.204967160424,0
"1701",767.23708352441,0
"1702",767.269201905097,0
"1703",767.301322302655,0
"1704",767.333444717253,5808.087890625
"1705",767.365569149058,10788.076171875
"1706",767.39769559824,13093.2509765625
"1707",767.429824064969,9973.3515625
"1708",767.461954549413,2798.41674804688
"1709",767.494090723043,0
"1710",767.526225243423,0
"1711",767.558361782026,0
"1712",767.590500339019,0
"1713",778.209053384377,0
"1714",778.241863198817,0
"1715",778.274675088225,0
"1716",778.307489052777,0
"1717",778.340305092649,4937.4609375
"1718",778.373123208015,11913.0517578125
"1719",778.40594339905,20002.900390625
"1720",778.438765665929,20226.359375
"1721",778.471590008827,12109.7568359375
"1722",778.504416427919,2084.00024414062
"1723",778.537245236539,0
"1724",778.570075808545,0
"1725",778.602908457271,0
"1726",778.635743182893,0
"1727",779.161381393526,0
"1728",779.194251453176,0
"1729",779.227123592877,0
"1730",779.259997812804,0
"1731",779.292874113133,0
"1732",779.325752494039,8781.48828125
"1733",779.358632955698,14820.3349609375
"1734",779.391515498286,11694.412109375
"1735",779.424400121978,1916.91870117188
"1736",779.45728852056,0
"1737",779.490177306987,0
"1738",779.523068175045,0
"1739",779.55596112491,0
"1740",784.24798253144,0
"1741",784.281174997667,0
"1742",784.314369571193,0
"1743",784.347566252195,0
"1744",784.380765040853,4437.8203125
"1745",784.413965937344,8912.017578125
"1746",784.447168941847,12049.03125
"1747",784.480374054541,10128.32421875
"1748",784.513581275604,5041.5146484375
"1749",784.546791288223,0
"1750",784.580002726559,0
"1751",784.6132162738,0
"1752",784.646431930124,0
"1753",786.309907778922,0
"1754",786.343231235694,0
"1755",786.376556810859,0
"1756",786.409884504598,0
"1757",786.443214317091,7464.728515625
"1758",786.476546248516,15004.6123046875
"1759",786.509880299054,17147.59765625
"1760",786.543216468883,11875.796875
"1761",786.576554758185,3594.91625976562
"1762",786.609898477728,0
"1763",786.643241006512,0
"1764",786.676585655307,0
"1765",786.709932424293,0
"1766",796.199007340939,0
"1767",796.232961419941,0
"1768",796.266917670958,0
"1769",796.300876094175,0
"1770",796.334836689777,1564.81811523438
"1771",796.368799457949,10858.3330078125
"1772",796.402764398878,24752.048828125
"1773",796.436731512747,33985.50390625
"1774",796.470700799743,31813.73046875
"1775",796.504672260051,21022.8203125
"1776",796.538645893856,10998.5908203125
"1777",796.572621701344,8163.8583984375
"1778",796.6065996827,6810.7919921875
"1779",796.640581507825,0
"1780",796.674563837474,0
"1781",796.708548341547,0
"1782",796.74253502023,0
"1783",801.247938334638,0
"1784",801.282215897571,0
"1785",801.316495660153,0
"1786",801.350777622573,0
"1787",801.385061785018,3193.28833007812
"1788",801.419348147678,9266.6455078125
"1789",801.453636710739,14021.7041015625
"1790",801.487927474392,12592.423828125
"1791",801.522220438823,5946.31640625
"1792",801.556521934129,0
"1793",801.590819300683,0
"1794",801.625118868581,0
"1795",801.659420638011,0
"1796",820.260416666036,0
"1797",820.295921487914,0
"1798",820.331428615071,0
"1799",820.366938047706,0
"1800",820.40244978602,5333.962890625
"1801",820.437963830212,10730.4521484375
"1802",820.473480180481,13632.3134765625
"1803",820.508998837028,11647.6552734375
"1804",820.544519800051,5561.087890625
"1805",820.580043403252,0
"1806",820.615568979829,0
"1807",820.651096863482,0
"1808",820.68662705441,0
"1809",821.255424061889,0
"1810",821.290993507094,0
"1811",821.326565263174,0
"1812",821.36213933033,0
"1813",821.397715708762,0
"1814",821.43329439867,8122.4755859375
"1815",821.468875400254,14682.3349609375
"1816",821.504458713715,12736.4716796875
"1817",821.540044339253,4931.408203125
"1818",821.575632381172,0
"1819",821.611222631465,0
"1820",821.646815194435,0
"1821",821.682410070284,0
"1822",821.718007259211,3862.68872070312
"1823",821.753606761417,8279.7646484375
"1824",821.789208577103,10602.6201171875
"1825",821.824812706469,8761.03515625
"1826",821.860419149715,3535.72045898438
"1827",821.896029139764,0
"1828",821.931640211373,0
"1829",821.967253597464,0
"1830",822.002869298238,0
"1831",825.253613423958,0
"1832",825.289442936501,0
"1833",825.325274782476,0
"1834",825.361108962085,0
"1835",825.39694547553,6805.765625
"1836",825.432784323014,21499.4765625
"1837",825.468625504741,35724.10546875
"1838",825.504469020911,38664.46875
"1839",825.540314871729,27679.8203125
"1840",825.576163057397,12123.2744140625
"1841",825.612013578118,2846.02368164062
"1842",825.647866770768,0
"1843",825.683721962203,0
"1844",825.719579489299,0
"1845",825.755439352259,0
"1846",826.2577228131,0
"1847",826.293617738382,0
"1848",826.329515002777,0
"1849",826.365414606488,0
"1850",826.401316549719,0
"1851",826.437220832673,8699.884765625
"1852",826.473127455553,24212.728515625
"1853",826.509036418562,29712.6796875
"1854",826.544947721904,21440.01953125
"1855",826.580861365783,7458.3212890625
"1856",826.616740046188,0
"1857",826.652658371749,0
"1858",826.688579038457,0
"1859",826.724502046515,0
"1860",849.193909923572,0
"1861",849.231309810023,0
"1862",849.268712167256,0
"1863",849.306116995489,0
"1864",849.343524294939,2905.98168945312
"1865",849.380934065824,12733.9970703125
"1866",849.418346308362,28018.8046875
"1867",849.455761022771,37429.89453125
"1868",849.493178209267,32543.30078125
"1869",849.53059786807,17883.27734375
"1870",849.568019999397,5553.2060546875
"1871",849.605444884986,0
"1872",849.642871962014,0
"1873",849.68030151222,0
"1874",849.71773353582,0
"1875",850.204575020798,0
"1876",850.242041694827,0
"1877",850.279510845523,0
"1878",850.316982473105,0
"1879",850.35445657779,2367.06958007812
"1880",850.391933159796,9018.65625
"1881",850.429412219343,17281.09765625
"1882",850.466893756648,21176.802734375
"1883",850.50437777193,17384.060546875
"1884",850.541864265408,9052.3447265625
"1885",850.5793532373,2804.36157226562
"1886",850.616844969374,0
"1887",850.654338898749,0
"1888",850.691835307193,0
"1889",850.729334194925,0
"1890",851.254579070857,0
"1891",851.292115174152,0
"1892",851.329653760235,0
"1893",851.367194829324,0
"1894",851.40473838164,6724.1572265625
"1895",851.442284417401,9792.2216796875
"1896",851.479832936826,10781.1025390625
"1897",851.517383940134,8571.8056640625
"1898",851.554937427545,5576.3974609375
"1899",851.592494244452,0
"1900",851.630052700724,0
"1901",851.667613641757,0
"1902",851.705177067768,0
"1903",854.227598898548,0
"1904",854.265331818655,0
"1905",854.303067238924,0
"1906",854.340805159574,0
"1907",854.378545580828,3322.50561523438
"1908",854.416288502905,13520.0791015625
"1909",854.454033926027,27097
"1910",854.491781850415,33520.0390625
"1911",854.52953227629,26701.43359375
"1912",854.567285203872,12149.009765625
"1913",854.605040633384,570.260498046875
"1914",854.6427988492,0
"1915",854.680559283233,0
"1916",854.718322219858,0
"1917",854.756087659296,0
"1918",855.285066730734,0
"1919",855.322869738927,0
"1920",855.360675253475,0
"1921",855.3984832746,0
"1922",855.436293802524,3837.46508789062
"1923",855.474106837467,14346.6162109375
"1924",855.511922379652,17391.55078125
"1925",855.549740429299,11609.7802734375
"1926",855.587560986632,3874.60180664062
"1927",855.625406449874,0
"1928",855.663232023242,0
"1929",855.701060104959,0
"1930",855.738890695249,0
"1931",935.218549634346,0
"1932",935.261774168723,0
"1933",935.305001699836,0
"1934",935.348232227966,0
"1935",935.391465753386,5816.853515625
"1936",935.434702276375,15052.7412109375
"1937",935.477941797211,23958.17578125
"1938",935.521184316169,24024.376953125
"1939",935.564429833528,13830.0654296875
"1940",935.607678349564,2343.17651367188
"1941",935.650885534328,0
"1942",935.694140048551,0
"1943",935.737397562284,0
"1944",935.780658075802,0
"1945",962.288039848405,0
"1946",962.333154595692,0
"1947",962.37827251571,0
"1948",962.423393608757,0
"1949",962.468517875131,6949.82421875
"1950",962.513645315128,18944.76171875
"1951",962.558775929047,21535.6640625
"1952",962.603909717184,12789.5732421875
"1953",962.649046679839,724.364013671875
"1954",962.694187035965,0
"1955",962.739330348545,0
"1956",962.784476836537,0
"1957",962.829626500235,0
"1958",963.190938171058,0
"1959",963.236116429534,0
"1960",963.281297866699,0
"1961",963.32648248285,0
"1962",963.371670278285,2018.08471679688
"1963",963.416861253303,16586.3984375
"1964",963.462055408202,36694.7109375
"1965",963.50725274328,48243.375
"1966",963.552453258836,41827.80859375
"1967",963.597656955168,22768.24609375
"1968",963.642863832575,5050.6201171875
"1969",963.688074115541,0
"1970",963.733287355993,0
"1971",963.778503778414,0
"1972",963.823723383104,0
"1973",964.230843076691,0
"1974",964.276094520498,0
"1975",964.321349149861,0
"1976",964.366606965078,0
"1977",964.411867966449,1743.91528320312
"1978",964.457132154273,8804.8310546875
"1979",964.502399528848,11810.560546875
"1980",964.547670090475,9497.578125
"1981",964.592943839451,4486.7744140625
"1982",964.638222596725,0
"1983",964.683502721299,0
"1984",964.728786034121,0
"1985",964.77407253549,0
"1986",972.244425000505,0
"1987",972.290241738375,0
"1988",972.336061714971,0
"1989",972.381884930598,0
"1990",972.427711385562,1596.37963867188
"1991",972.473541080168,8819.1630859375
"1992",972.519374014721,19876.2421875
"1993",972.565210189527,23754.4140625
"1994",972.611049604891,16812.46875
"1995",972.656892261119,5561.763671875
"1996",972.702745841578,0
"1997",972.748594980451,0
"1998",972.794447361103,0
"1999",972.840302983841,0
"2000",1006.23481431165,0
"2001",1006.28305463772,0
"2002",1006.33129843294,0
"2003",1006.37954569764,0
"2004",1006.42779643215,4565.5947265625
"2005",1006.4760506368,18318.90234375
"2006",1006.52430831194,30057.08984375
"2007",1006.57256945788,28701.287109375
"2008",1006.62083407497,15830.8564453125
"2009",1006.66910216353,3869.77807617188
"2010",1006.71738570813,0
"2011",1006.76566074064,0
"2012",1006.81393924563,0
"2013",1006.86222122342,0
"2014",1059.22838075721,0
"2015",1059.2804817532,0
"2016",1059.33258659338,0
"2017",1059.38469527811,0
"2018",1059.43680780779,3922.62377929688
"2019",1059.48892418279,9846.919921875
"2020",1059.54104440349,13872.2763671875
"2021",1059.59316847026,12475.716796875
"2022",1059.64529638349,5943.6962890625
"2023",1059.69737101759,0
"2024",1059.74950662486,0
"2025",1059.80164607972,0
"2026",1059.85378938255,0
"2027",1067.19200888809,0
"2028",1067.24469856708,0
"2029",1067.29739214829,0
"2030",1067.35008963208,0
"2031",1067.40279101886,593.941162109375
"2032",1067.455496309,9972.49609375
"2033",1067.50820550288,33213.7734375
"2034",1067.5609186009,56808.8671875
"2035",1067.61363560345,61218.5703125
"2036",1067.66635651089,42439.98046875
"2037",1067.71908132363,16319.4560546875
"2038",1067.77181004205,90.7392578125
"2039",1067.8245428372,0
"2040",1067.87727936813,0
"2041",1067.93001980589,0
"2042",1067.98276415088,0
"2043",1068.2465444976,0
"2044",1068.29931229401,0
"2045",1068.35208400035,0
"2046",1068.40485961699,0
"2047",1068.45763914433,6325.5947265625
"2048",1068.51042258276,20525.111328125
"2049",1068.56320993265,35470.54296875
"2050",1068.61600119439,37422.2109375
"2051",1068.66879636838,23824.81640625
"2052",1068.721595455,6344.7109375
"2053",1068.77439982252,0
"2054",1068.82720673555,0
"2055",1068.88001756237,0
"2056",1068.93283230337,0
"2057",1076.25898128073,0
"2058",1076.31234387728,0
"2059",1076.36571044264,0
"2060",1076.41908097719,0
"2061",1076.47245548132,5242.3095703125
"2062",1076.52583395543,17969.759765625
"2063",1076.57921639991,28232.712890625
"2064",1076.63260281516,27441.45703125
"2065",1076.68599320156,15802.0986328125
"2066",1076.73938755953,2411.98706054688
"2067",1076.79278605799,0
"2068",1076.84618836024,0
"2069",1076.89959463523,0
"2070",1076.95300488335,0
"2071",1077.22011573467,0
"2072",1077.27354982984,0
"2073",1077.3269879009,0
"2074",1077.38042994825,0
"2075",1077.43387597228,3168.25756835938
"2076",1077.48732597337,16208.8837890625
"2077",1077.54077995194,32502.55078125
"2078",1077.59423790837,38774.515625
"2079",1077.64769984305,29131.52734375
"2080",1077.70116575639,12063.5087890625
"2081",1077.75463564877,1601.41674804688
"2082",1077.80810969164,0
"2083",1077.8615875433,0
"2084",1077.91506937519,0
"2085",1077.96855518771,0
"2086",1078.23604397353,0
"2087",1078.2895536781,0
"2088",1078.34306736607,0
"2089",1078.39658503782,0
"2090",1078.45010669376,0
"2091",1078.50363233427,8991.5185546875
"2092",1078.55716195976,16263.9794921875
"2093",1078.61069557063,16774.755859375
"2094",1078.66423316725,12495.833984375
"2095",1078.71777475004,8089.6435546875
"2096",1078.77132134589,0
"2097",1078.82487090219,0
"2098",1078.87842444584,0
"2099",1078.93198197723,0
"2100",1084.25398310299,0
"2101",1084.30794141649,0
"2102",1084.36190375797,0
"2103",1084.41587012783,0
"2104",1084.46984052648,2804.72534179688
"2105",1084.52381495432,9395.7060546875
"2106",1084.57779341174,13685.2216796875
"2107",1084.63177589915,13013.5693359375
"2108",1084.68576241695,8049.111328125
"2109",1084.73975347075,0
"2110",1084.79374805053,0
"2111",1084.8477466619,0
"2112",1084.90174930527,0
"2113",1087.22768294019,0
"2114",1087.28186338942,0
"2115",1087.33604788876,0
"2116",1087.39023643861,0
"2117",1087.44442903937,3157.58813476562
"2118",1087.49862569146,8891.3134765625
"2119",1087.55282639527,11589.53515625
"2120",1087.6070311512,9178.271484375
"2121",1087.66123995967,4020.34155273438
"2122",1087.71545522183,0
"2123",1087.76967213657,0
"2124",1087.82389310505,0
"2125",1087.87811812768,0
"2126",1101.28643090217,0
"2127",1101.34166565066,0
"2128",1101.39690455467,0
"2129",1101.45214761463,0
"2130",1101.50739483096,5516.654296875
"2131",1101.56264620406,10845.08203125
"2132",1101.61790173437,12195.6240234375
"2133",1101.67316142229,8548.05078125
"2134",1101.72842526824,2661.10815429688
"2135",1101.78369395588,0
"2136",1101.83896611914,0
"2137",1101.89424244169,0
"2138",1101.94952292394,0
"2139",1105.27397992658,0
"2140",1105.32951494185,0
"2141",1105.3850541428,0
"2142",1105.44059752984,0
"2143",1105.49614510341,7825.443359375
"2144",1105.55169686392,12718.2314453125
"2145",1105.60725281178,14841.0380859375
"2146",1105.66281294743,12165.41796875
"2147",1105.71837727128,5676.3115234375
"2148",1105.77394663803,0
"2149",1105.82951933955,0
"2150",1105.88509623053,0
"2151",1105.94067731141,0
"2152",1110.2330361545,0
"2153",1110.28894534837,0
"2154",1110.34485876558,0
"2155",1110.40077640653,0
"2156",1110.45669827165,2688.02124023438
"2157",1110.51262436137,9344.845703125
"2158",1110.56855467612,16363.3017578125
"2159",1110.62448921632,17342.486328125
"2160",1110.6804279824,10817.6357421875
"2161",1110.73637097477,4299.7265625
"2162",1110.79231827556,0
"2163",1110.84826972182,0
"2164",1110.90422539566,0
"2165",1110.9601852975,6529.11328125
"2166",1111.01614942777,13726.8095703125
"2167",1111.07211778691,17817.40625
"2168",1111.12809037532,15839.6884765625
"2169",1111.18406719345,8566.4248046875
"2170",1111.24004824171,507.423583984375
"2171",1111.29603361193,0
"2172",1111.35202312174,0
"2173",1111.40801686296,2617.24438476562
"2174",1111.46401483603,9739.0859375
"2175",1111.52001704136,38705.48046875
"2176",1111.57602347939,68696.0625
"2177",1111.63203415054,75301.9765625
"2178",1111.68804905523,52849.7265625
"2179",1111.7440681939,20576.435546875
"2180",1111.80009156697,808.944580078125
"2181",1111.85611925881,0
"2182",1111.91215110196,0
"2183",1111.9681871808,2881.80102539062
"2184",1112.02422749573,11203.0341796875
"2185",1112.08027204721,16134.8701171875
"2186",1112.13632083564,16122.2880859375
"2187",1112.19237386147,11924.8896484375
"2188",1112.24843112511,4987.001953125
"2189",1112.30449271344,0
"2190",1112.360558454,0
"2191",1112.41662843365,0
"2192",1112.47270265283,1239.08862304688
"2193",1112.52878111196,14678.8173828125
"2194",1112.58486381147,25325.361328125
"2195",1112.64095075179,25523.607421875
"2196",1112.69704193334,16365.6455078125
"2197",1112.75313735656,5450.5810546875
"2198",1112.80925051968,0
"2199",1112.86535442751,0
"2200",1112.92146257828,0
"2201",1112.97757497242,0
"2202",1191.16556318114,0
"2203",1191.22769595798,0
"2204",1191.28983359633,0
"2205",1191.3519760967,0
"2206",1191.41412345961,927.223388671875
"2207",1191.47627568555,14157.5615234375
"2208",1191.53843277504,31345.8125
"2209",1191.60059472859,41724.41796875
"2210",1191.66276154669,37129.60546875
"2211",1191.72493322986,21856.546875
"2212",1191.78710977861,7915.6376953125
"2213",1191.84929136759,0
"2214",1191.91147764901,0
"2215",1191.97366879754,0
"2216",1192.03586481367,0
"2217",1192.22248207278,0
"2218",1192.28469756442,0
"2219",1192.34691792621,0
"2220",1192.40914315865,0
"2221",1192.47137326226,0
"2222",1192.53360823754,11350.4267578125
"2223",1192.59584808501,22679.087890625
"2224",1192.65809280516,23439.4609375
"2225",1192.72034239851,14439.9521484375
"2226",1192.78259686557,4154.541015625
"2227",1192.84485801185,0
"2228",1192.90712222785,0
"2229",1192.96939131909,0
"2230",1193.03166528606,0
"2231",1202.80644246532,0
"2232",1202.86948828078,0
"2233",1202.93253905325,0
"2234",1202.99559478323,0
"2235",1203.05865547126,6705.8662109375
"2236",1203.12172111786,8987.3212890625
"2237",1203.18479172353,10145.6376953125
"2238",1203.24786728881,9592.0361328125
"2239",1203.31094781421,7490.99609375
"2240",1203.37366285332,0
"2241",1203.43675330053,0
"2242",1203.49984870942,0
"2243",1203.56294908051,0
"2244",1224.27173826304,0
"2245",1224.33647931132,0
"2246",1224.40122549513,0
"2247",1224.46597681498,0
"2248",1224.53073327144,7988.4033203125
"2249",1224.59549486505,12962.1357421875
"2250",1224.66026159634,14234.4716796875
"2251",1224.72503346587,9305.146484375
"2252",1224.78981047417,931.759521484375
"2253",1224.85458372928,0
"2254",1224.91937101676,0
"2255",1224.98416344465,0
"2256",1225.04896101349,0
"2257",1290.26928976615,0
"2258",1290.33933586718,0
"2259",1290.40938767235,0
"2260",1290.47944518229,0
"2261",1290.5495083976,3737.40454101562
"2262",1290.61957731891,10501.14453125
"2263",1290.68965194684,13443.8740234375
"2264",1290.75973228201,11328.2041015625
"2265",1290.82981832503,5839.099609375
"2266",1290.89990805538,0
"2267",1290.97000551598,0
"2268",1291.04010868631,0
"2269",1291.11021756697,0
"2270",1305.24761659477,0
"2271",1305.31888595915,0
"2272",1305.39016116088,0
"2273",1305.4614422006,0
"2274",1305.53272907894,2659.03247070312
"2275",1305.60402179654,8817.2099609375
"2276",1305.67532035404,14729.0224609375
"2277",1305.74662475208,14535.3349609375
"2278",1305.81793499129,7649.4208984375
"2279",1305.88956149678,0
"2280",1305.96088342026,0
"2281",1306.03221118682,0
"2282",1306.10354479711,0
"2283",1705.69041882239,0
"2284",1705.79688608775,0
"2285",1705.90336332176,0
"2286",1706.00985052567,0
"2287",1706.11634770072,6714.5927734375
"2288",1706.22285484816,12937.1162109375
"2289",1706.32937196923,18858.41015625
"2290",1706.43589906517,20327.923828125
"2291",1706.54243613724,15091.3115234375
"2292",1706.64898318667,6856.9697265625
"2293",1706.75555398407,0
"2294",1706.86212099198,0
"2295",1706.96869798099,0
"2296",1707.07528495236,0
"2297",1880.17106520546,0
"2298",1880.29427997897,0
"2299",1880.41750686497,0
"2300",1880.54074586504,0
"2301",1880.66399698077,3707.44897460938
"2302",1880.78726021375,8423.4560546875
"2303",1880.91053556557,10297.021484375
"2304",1881.03382303782,8476.9462890625
"2305",1881.15712263208,5653.5322265625
"2306",1881.28043476598,0
"2307",1881.40375860904,0
"2308",1881.52709457889,0
"2309",1881.6504426771,0
"2310",1885.23282052444,0
"2311",1885.35653321451,0
"2312",1885.48025808238,0
"2313",1885.60399512964,0
"2314",1885.72774435789,6188.236328125
"2315",1885.85150576873,12184.591796875
"2316",1885.97527936376,25736.046875
"2317",1886.09906514457,38903.50390625
"2318",1886.22286311278,41335.91796875
"2319",1886.34667326997,30770.90234375
"2320",1886.47049561775,14099.7216796875
"2321",1886.59433015771,612.915283203125
"2322",1886.71817694997,7754.1044921875
"2323",1886.84203587911,14408.1455078125
"2324",1886.96590700525,15020.6650390625
"2325",1887.08979032998,12099.0908203125
"2326",1887.2136858549,9827.650390625
"2327",1887.33759362503,10230.978515625
"2328",1887.46151355514,12671.8349609375
"2329",1887.58544569026,11133.4677734375
"2330",1887.70939003198,8708.9140625
"2331",1887.83334660777,10375.927734375
"2332",1887.95731536751,5557.5888671875
"2333",1888.08129638085,1634.95581054688
"2334",1888.20528956503,16043.5869140625
"2335",1888.32929496382,21747.36328125
"2336",1888.45331257884,17430.6328125
"2337",1888.57734241169,8994.6318359375
"2338",1888.70138446398,2447.23510742188
"2339",1888.82543914938,0
"2340",1888.94950564535,0
"2341",1889.07358436558,0
"2342",1889.19767531167,0
"2343",1892.67719202927,0
"2344",1892.80163822504,0
"2345",1892.92609669498,0
"2346",1893.05056744069,0
"2347",1893.17505046379,0
"2348",1893.2995457659,13559.9521484375
"2349",1893.42405334862,28991.26171875
"2350",1893.54857321358,35570.12109375
"2351",1893.67310536239,31061.5625
"2352",1893.79764979667,20964.640625
"2353",1893.92220651803,12287.9697265625
"2354",1894.04677552808,7793.693359375
"2355",1894.17135785193,0
"2356",1894.29595144424,0
"2357",1894.42055733009,0
"2358",1894.54517551111,0
"2359",1905.68563299528,0
"2360",1905.81136439797,0
"2361",1905.93710824412,0
"2362",1906.06286453539,0
"2363",1906.18863327341,3796.75463867188
"2364",1906.31441445982,9859.4638671875
"2365",1906.44020809627,15945.0029296875
"2366",1906.5660141844,17201.068359375
"2367",1906.69183272585,12847.8037109375
"2368",1906.81766372227,6214.1943359375
"2369",1906.94350731805,0
"2370",1907.06936322934,0
"2371",1907.19523160053,0
"2372",1907.32111243327,0
"2373",1907.44700572919,0
"2374",1907.57291148995,0
"2375",1907.6988297172,0
"2376",1907.82476041257,0
"2377",1907.95070357771,3199.03735351562
"2378",1908.07665921428,15924.6298828125
"2379",1908.2026273239,35973.23046875
"2380",1908.32860790825,47009.25390625
"2381",1908.45460096895,39433.02734375
"2382",1908.58060650766,19834.8046875
"2383",1908.70662452603,3413.91967773438
"2384",1908.83265688359,0
"2385",1908.95869986621,0
"2386",1909.08475533344,0
"2387",1909.21082328691,0
"2388",1931.08171489274,0
"2389",1931.20996802542,0
"2390",1931.33823393544,0
"2391",1931.46651262449,0
"2392",1931.59480409429,4403.9931640625
"2393",1931.72310834652,10010.9677734375
"2394",1931.85142538289,14110.2646484375
"2395",1931.97975520509,12886.8271484375
"2396",1932.10809781482,5691.927734375
"2397",1932.23645327855,1701.70483398438
"2398",1932.36482146845,11055.345703125
"2399",1932.49320245097,24142.095703125
"2400",1932.62159622782,36773.92578125
"2401",1932.7500028007,39131.66796875
"2402",1932.87842217131,27219.75390625
"2403",1933.00685434135,8215.697265625
"2404",1933.13529936947,0
"2405",1933.26375714348,7212.7392578125
"2406",1933.39222772202,9191.0400390625
"2407",1933.52071110679,8651.01953125
"2408",1933.64920733545,8853.37890625
"2409",1933.7777163378,12537.953125
"2410",1933.9062381515,14587.0126953125
"2411",1934.03477277824,10419.5732421875
"2412",1934.16332021974,140.135498046875
"2413",1934.29188052598,6271.7060546875
"2414",1934.42045360209,15340.0830078125
"2415",1934.54903949805,15992.9873046875
"2416",1934.67763821558,9544.6806640625
"2417",1934.80624975638,2126.83618164062
"2418",1934.93484020434,0
"2419",1935.0634773968,0
"2420",1935.19212741764,0
"2421",1935.32079026857,0
"2422",1963.67857264026,0
"2423",1963.81008688291,0
"2424",1963.94161433792,0
"2425",1964.07315500707,0
"2426",1964.20470889212,5943.095703125
"2427",1964.33627599484,9529.7880859375
"2428",1964.46785631701,11925.453125
"2429",1964.5994498604,10703.048828125
"2430",1964.73105662677,5862.47265625
"2431",1964.86267765994,0
"2432",1964.9943108776,0
"2433",1965.12595732357,0
"2434",1965.25761699961,0
"2435",1980.88684747066,0
"2436",1981.02009426769,0
"2437",1981.15335450967,0
"2438",1981.28662819841,0
"2439",1981.41991533573,4821.5205078125
"2440",1981.55321592343,9175.6357421875
"2441",1981.68652996332,11705.1494140625
"2442",1981.81985745721,11212.5380859375
"2443",1981.95319840691,8024.58984375
"2444",1982.08655299818,0
"2445",1982.21992086494,0
"2446",1982.35330219294,0
"2447",1982.486696984,0
"2448",1983.95492876577,0
"2449",1984.08848525491,0
"2450",1984.2220552307,0
"2451",1984.35563869494,0
"2452",1984.48923564944,6237.4072265625
"2453",1984.62284609603,13325.9931640625
"2454",1984.75647003652,17732.451171875
"2455",1984.89010747272,15259.9580078125
"2456",1985.02375840646,8352.544921875
"2457",1985.15742283956,2341.87231445312
"2458",1985.29110077382,0
"2459",1985.42479221108,0
"2460",1985.55849715314,0
"2461",1985.69221560183,0
"2462",2068.85262564762,0
"2463",2068.99484610108,0
"2464",2069.13708122016,0
"2465",2069.27933100686,0
